threshold,f1_score
0.0,0.2788844621513944
0.1111111111111111,0.28936170212765955
0.2222222222222222,0.35359116022099446
0.3333333333333333,0.41333333333333333
0.4444444444444444,0.453125
0.5555555555555556,0.45614035087719296
0.6666666666666666,0.4897959183673469
0.7777777777777777,0.4691358024691358
0.8888888888888888,0.3137254901960784
1.0,0.0
